median,qt25,qt75
2586.190024874574,1794.7982588708996,3641.373068300264
